SQL> SELECT CD, D
  2  FROM DEPARTAMENTO;

        CD D                                                                    
---------- ------------------------------------------------------------         
         1 ANALISIS MATEMATICO                                                  
         2 ASTROFISICA                                                          
         3 ESTADISTICA, INVESTIGACION OPERATIVA Y COMPUTACION                   
         4 MATEMATICA FUNDAMENTAL                                               

SQL> SELECT * FROM AREA;

       CAR AR                                                                   
---------- ------------------------------------------------------------         
        CD                                                                      
----------                                                                      
         1 ALGEBRA                                                              
         4                                                                      
                                                                                
         2 ANALISIS MATEMATICO                                                  
         1                                                                      
                                                                                
         3 ASTRONOMIA Y ASTROFISICA                                             
         2                                                                      
                                                                                

       CAR AR                                                                   
---------- ------------------------------------------------------------         
        CD                                                                      
----------                                                                      
         4 CIENCIAS DE LA COMPUTACION E INTELIGENCIA ARTIFICIAL                 
         3                                                                      
                                                                                
         5 DIDACTICA DE LA MATEMATICA                                           
         1                                                                      
                                                                                
         6 ESTADISTICA E INVESTIGACION OPERATIVA                                
         3                                                                      
                                                                                

       CAR AR                                                                   
---------- ------------------------------------------------------------         
        CD                                                                      
----------                                                                      
         7 LENGUAJES Y SISTEMAS INFORMATICOS                                    
         3                                                                      
                                                                                
         8 MATEMATICA APLICADA                                                  
         1                                                                      
                                                                                

8 rows selected.

SQL> SELECT DNI FROM PROFESOR;

       DNI                                                                      
----------                                                                      
      1010                                                                      
      1111                                                                      
      2020                                                                      
      2222                                                                      
      3030                                                                      
      3333                                                                      
      4444                                                                      
      5555                                                                      
      6666                                                                      
      7777                                                                      
      8888                                                                      

       DNI                                                                      
----------                                                                      
      9999                                                                      

12 rows selected.

SQL> SELECT P, DNI, CAT, CAR FROM PROFESOR;

P                                                                   DNI CAT     
------------------------------------------------------------ ---------- -----   
       CAR                                                                      
----------                                                                      
JUAN                                                               1111 CU      
         6                                                                      
                                                                                
CARLOS                                                             2222 TU      
         7                                                                      
                                                                                
PEDRO                                                              3333 TEU     
         4                                                                      
                                                                                

P                                                                   DNI CAT     
------------------------------------------------------------ ---------- -----   
       CAR                                                                      
----------                                                                      
MARIA                                                              4444 TU      
         7                                                                      
                                                                                
IVAN                                                               5555 CEU     
         1                                                                      
                                                                                
CARMEN                                                             6666 CD      
         3                                                                      
                                                                                

P                                                                   DNI CAT     
------------------------------------------------------------ ---------- -----   
       CAR                                                                      
----------                                                                      
MARIO                                                              7777 TU      
         2                                                                      
                                                                                
FRANCISCO                                                          8888 TU      
         5                                                                      
                                                                                
ANGELA                                                             9999 TEU     
         8                                                                      
                                                                                

P                                                                   DNI CAT     
------------------------------------------------------------ ---------- -----   
       CAR                                                                      
----------                                                                      
DAVID                                                              1010 TU      
         4                                                                      
                                                                                
SOLEDAD                                                            2020 CU      
         7                                                                      
                                                                                
JOSE MANUEL                                                        3030 TEU     
         6                                                                      
                                                                                

12 rows selected.

SQL> SELECT
  2  P AS PROFESOR,
  3  DNI,
  4  CAT AS CATEGORIA,
  5  CAR AS CODIGO_DE_AREA_DE_CONOCIMIENTO
  6  FROM PROFESOR;

PROFESOR                                                            DNI CATEG   
------------------------------------------------------------ ---------- -----   
CODIGO_DE_AREA_DE_CONOCIMIENTO                                                  
------------------------------                                                  
JUAN                                                               1111 CU      
                             6                                                  
                                                                                
CARLOS                                                             2222 TU      
                             7                                                  
                                                                                
PEDRO                                                              3333 TEU     
                             4                                                  
                                                                                

PROFESOR                                                            DNI CATEG   
------------------------------------------------------------ ---------- -----   
CODIGO_DE_AREA_DE_CONOCIMIENTO                                                  
------------------------------                                                  
MARIA                                                              4444 TU      
                             7                                                  
                                                                                
IVAN                                                               5555 CEU     
                             1                                                  
                                                                                
CARMEN                                                             6666 CD      
                             3                                                  
                                                                                

PROFESOR                                                            DNI CATEG   
------------------------------------------------------------ ---------- -----   
CODIGO_DE_AREA_DE_CONOCIMIENTO                                                  
------------------------------                                                  
MARIO                                                              7777 TU      
                             2                                                  
                                                                                
FRANCISCO                                                          8888 TU      
                             5                                                  
                                                                                
ANGELA                                                             9999 TEU     
                             8                                                  
                                                                                

PROFESOR                                                            DNI CATEG   
------------------------------------------------------------ ---------- -----   
CODIGO_DE_AREA_DE_CONOCIMIENTO                                                  
------------------------------                                                  
DAVID                                                              1010 TU      
                             4                                                  
                                                                                
SOLEDAD                                                            2020 CU      
                             7                                                  
                                                                                
JOSE MANUEL                                                        3030 TEU     
                             6                                                  
                                                                                

12 rows selected.

SQL> SELECT * FROM ASIGNATURA;

       CAS A                                                  T           CUR   
---------- -------------------------------------------------- ---- ----------   
       CAR         CT         CP         CL                                     
---------- ---------- ---------- ----------                                     
         1 BASES DE DATOS                                     GII           3   
         7          3        1.5        1.5                                     
                                                                                
         2 INTELIGENCIA ARTIFICIAL                            GII           3   
         4        1.5        1.5          3                                     
                                                                                
         3 ALMACENES DE DATOS                                 MII           1   
         7        1.5          0        1.5                                     
                                                                                

       CAS A                                                  T           CUR   
---------- -------------------------------------------------- ---- ----------   
       CAR         CT         CP         CL                                     
---------- ---------- ---------- ----------                                     
         4 MINERIA DE DATOS                                   MII           1   
         7        1.5          0        1.5                                     
                                                                                
         5 INFORMATICA BASICA                                 GII           1   
         7          3        1.5        1.5                                     
                                                                                
         6 ALGEBRA                                            GII           1   
         1          3          3          0                                     
                                                                                

       CAS A                                                  T           CUR   
---------- -------------------------------------------------- ---- ----------   
       CAR         CT         CP         CL                                     
---------- ---------- ---------- ----------                                     
         7 CALCULO                                            GII           1   
         8          3          3          0                                     
                                                                                
         8 OPTIMIZACION                                       GII           1   
         6          3        1.5        1.5                                     
                                                                                
         9 GESTION DE RIESGOS                                 GII           3   
         4          3          0          3                                     
                                                                                

       CAS A                                                  T           CUR   
---------- -------------------------------------------------- ---- ----------   
       CAR         CT         CP         CL                                     
---------- ---------- ---------- ----------                                     
        10 ASTRONOMIA                                         GF            2   
         3          3        1.5        1.5                                     
                                                                                
        11 DIDACTICA DE LA MATEMATICA                         GM            2   
         5          6          0          0                                     
                                                                                
        12 ANALISIS COMPLEJO                                  GM            4   
         2        4.5          3          0                                     
                                                                                

12 rows selected.

SQL> SELECT CAS,A,T,CUR,CAR,CT,CP,CL FROM ASIGNATURA WHERE T = 'GII';

       CAS A                                                  T           CUR   
---------- -------------------------------------------------- ---- ----------   
       CAR         CT         CP         CL                                     
---------- ---------- ---------- ----------                                     
         1 BASES DE DATOS                                     GII           3   
         7          3        1.5        1.5                                     
                                                                                
         2 INTELIGENCIA ARTIFICIAL                            GII           3   
         4        1.5        1.5          3                                     
                                                                                
         5 INFORMATICA BASICA                                 GII           1   
         7          3        1.5        1.5                                     
                                                                                

       CAS A                                                  T           CUR   
---------- -------------------------------------------------- ---- ----------   
       CAR         CT         CP         CL                                     
---------- ---------- ---------- ----------                                     
         6 ALGEBRA                                            GII           1   
         1          3          3          0                                     
                                                                                
         7 CALCULO                                            GII           1   
         8          3          3          0                                     
                                                                                
         8 OPTIMIZACION                                       GII           1   
         6          3        1.5        1.5                                     
                                                                                

       CAS A                                                  T           CUR   
---------- -------------------------------------------------- ---- ----------   
       CAR         CT         CP         CL                                     
---------- ---------- ---------- ----------                                     
         9 GESTION DE RIESGOS                                 GII           3   
         4          3          0          3                                     
                                                                                

7 rows selected.

SQL> SELECT DNI FROM PROFESOR WHERE CAR='7';

       DNI                                                                      
----------                                                                      
      2222                                                                      
      4444                                                                      
      2020                                                                      

SQL> SPOOL OFF
SQL> SELECT p FROM PROFESOR WHERE CAR=7
  2  ;

P                                                                                                                                                                                                                                                                                                                                                                                                                                                                                                                   
------------------------------------------------------------                                                                                                                                                                                                                                                                                                                                                                                                                                                        
CARLOS                                                                                                                                                                                                                                                                                                                                                                                                                                                                                                              
MARIA                                                                                                                                                                                                                                                                                                                                                                                                                                                                                                               
SOLEDAD                                                                                                                                                                                                                                                                                                                                                                                                                                                                                                             

SQL> SELECT A FROM ASIGNATURA WHERE CAR>=7;

A                                                                                                                                                                                                                                                                                                                                                                                                                                                                                                                   
--------------------------------------------------                                                                                                                                                                                                                                                                                                                                                                                                                                                                  
BASES DE DATOS                                                                                                                                                                                                                                                                                                                                                                                                                                                                                                      
ALMACENES DE DATOS                                                                                                                                                                                                                                                                                                                                                                                                                                                                                                  
MINERIA DE DATOS                                                                                                                                                                                                                                                                                                                                                                                                                                                                                                    
INFORMATICA BASICA                                                                                                                                                                                                                                                                                                                                                                                                                                                                                                  
CALCULO                                                                                                                                                                                                                                                                                                                                                                                                                                                                                                             

SQL> SELECT A FROM ASIGNARURA WHERE CAR>7;
SELECT A FROM ASIGNARURA WHERE CAR>7
              *
ERROR at line 1:
ORA-00942: table or view does not exist 


SQL> SELECT A FROM ASIGNATURA WHERE CAR>7;

A                                                                                                                                                                                                                                                                                                                                                                                                                                                                                                                   
--------------------------------------------------                                                                                                                                                                                                                                                                                                                                                                                                                                                                  
CALCULO                                                                                                                                                                                                                                                                                                                                                                                                                                                                                                             

SQL> SELECT CAS FROM ASIGNATURA WHERE A='ALMACENES DE DATOS';

       CAS                                                                                                                                                                                                                                                                                                                                                                                                                                                                                                          
----------                                                                                                                                                                                                                                                                                                                                                                                                                                                                                                          
         3                                                                                                                                                                                                                                                                                                                                                                                                                                                                                                          

SQL> SELECT A FROM ASIGNATURA WHERE CAS!='8';

A                                                                                                                                                                                                                                                                                                                                                                                                                                                                                                                   
--------------------------------------------------                                                                                                                                                                                                                                                                                                                                                                                                                                                                  
BASES DE DATOS                                                                                                                                                                                                                                                                                                                                                                                                                                                                                                      
INTELIGENCIA ARTIFICIAL                                                                                                                                                                                                                                                                                                                                                                                                                                                                                             
ALMACENES DE DATOS                                                                                                                                                                                                                                                                                                                                                                                                                                                                                                  
MINERIA DE DATOS                                                                                                                                                                                                                                                                                                                                                                                                                                                                                                    
INFORMATICA BASICA                                                                                                                                                                                                                                                                                                                                                                                                                                                                                                  
ALGEBRA                                                                                                                                                                                                                                                                                                                                                                                                                                                                                                             
CALCULO                                                                                                                                                                                                                                                                                                                                                                                                                                                                                                             
GESTION DE RIESGOS                                                                                                                                                                                                                                                                                                                                                                                                                                                                                                  
ASTRONOMIA                                                                                                                                                                                                                                                                                                                                                                                                                                                                                                          
DIDACTICA DE LA MATEMATICA                                                                                                                                                                                                                                                                                                                                                                                                                                                                                          
ANALISIS COMPLEJO                                                                                                                                                                                                                                                                                                                                                                                                                                                                                                   

11 rows selected.

SQL> SELECT A FROM ASIGNATURA WHERE CAS!='8' AND CAS!='11'
  2  ;

A                                                                                                                                                                                                                                                                                                                                                                                                                                                                                                                   
--------------------------------------------------                                                                                                                                                                                                                                                                                                                                                                                                                                                                  
BASES DE DATOS                                                                                                                                                                                                                                                                                                                                                                                                                                                                                                      
INTELIGENCIA ARTIFICIAL                                                                                                                                                                                                                                                                                                                                                                                                                                                                                             
ALMACENES DE DATOS                                                                                                                                                                                                                                                                                                                                                                                                                                                                                                  
MINERIA DE DATOS                                                                                                                                                                                                                                                                                                                                                                                                                                                                                                    
INFORMATICA BASICA                                                                                                                                                                                                                                                                                                                                                                                                                                                                                                  
ALGEBRA                                                                                                                                                                                                                                                                                                                                                                                                                                                                                                             
CALCULO                                                                                                                                                                                                                                                                                                                                                                                                                                                                                                             
GESTION DE RIESGOS                                                                                                                                                                                                                                                                                                                                                                                                                                                                                                  
ASTRONOMIA                                                                                                                                                                                                                                                                                                                                                                                                                                                                                                          
ANALISIS COMPLEJO                                                                                                                                                                                                                                                                                                                                                                                                                                                                                                   

10 rows selected.

SQL> SELECT CAS FROM PLAN_DOCENTE WHERE DNI='3333'
  2  ;

       CAS                                                                                                                                                                                                                                                                                                                                                                                                                                                                                                          
----------                                                                                                                                                                                                                                                                                                                                                                                                                                                                                                          
         2                                                                                                                                                                                                                                                                                                                                                                                                                                                                                                          
         9                                                                                                                                                                                                                                                                                                                                                                                                                                                                                                          

SQL> SELECT CD FROM DEPARTAMENTO WHERE D='ASTROFISICA';

        CD                                                                                                                                                                                                                                                                                                                                                                                                                                                                                                          
----------                                                                                                                                                                                                                                                                                                                                                                                                                                                                                                          
         2                                                                                                                                                                                                                                                                                                                                                                                                                                                                                                          

SQL> SELECT DNI FROM PLAN_DOCENTE WHERE FI!='01-SEP-09';

       DNI                                                                                                                                                                                                                                                                                                                                                                                                                                                                                                          
----------                                                                                                                                                                                                                                                                                                                                                                                                                                                                                                          
      1010                                                                                                                                                                                                                                                                                                                                                                                                                                                                                                          
      1010                                                                                                                                                                                                                                                                                                                                                                                                                                                                                                          
      1111                                                                                                                                                                                                                                                                                                                                                                                                                                                                                                          
      2020                                                                                                                                                                                                                                                                                                                                                                                                                                                                                                          
      2222                                                                                                                                                                                                                                                                                                                                                                                                                                                                                                          
      3333                                                                                                                                                                                                                                                                                                                                                                                                                                                                                                          
      4444                                                                                                                                                                                                                                                                                                                                                                                                                                                                                                          
      4444                                                                                                                                                                                                                                                                                                                                                                                                                                                                                                          
      4444                                                                                                                                                                                                                                                                                                                                                                                                                                                                                                          
      5555                                                                                                                                                                                                                                                                                                                                                                                                                                                                                                          
      6666                                                                                                                                                                                                                                                                                                                                                                                                                                                                                                          
      7777                                                                                                                                                                                                                                                                                                                                                                                                                                                                                                          
      9999                                                                                                                                                                                                                                                                                                                                                                                                                                                                                                          

13 rows selected.

SQL> 
SQL> SELECT DNI FROM PLAN_DOCENTE WHERE FI<'01-SEP-09';

       DNI                                                                                                                                                                                                                                                                                                                                                                                                                                                                                                          
----------                                                                                                                                                                                                                                                                                                                                                                                                                                                                                                          
      1010                                                                                                                                                                                                                                                                                                                                                                                                                                                                                                          
      1010                                                                                                                                                                                                                                                                                                                                                                                                                                                                                                          
      1111                                                                                                                                                                                                                                                                                                                                                                                                                                                                                                          
      2020                                                                                                                                                                                                                                                                                                                                                                                                                                                                                                          
      2222                                                                                                                                                                                                                                                                                                                                                                                                                                                                                                          
      3333                                                                                                                                                                                                                                                                                                                                                                                                                                                                                                          
      4444                                                                                                                                                                                                                                                                                                                                                                                                                                                                                                          
      6666                                                                                                                                                                                                                                                                                                                                                                                                                                                                                                          

8 rows selected.

SQL> SELECT A FROM ASIGNATURA WHERE CAR=3 OR CAR=5 OR CAR=8;

A                                                                                                                                                                                                                                                                                                                                                                                                                                                                                                                   
--------------------------------------------------                                                                                                                                                                                                                                                                                                                                                                                                                                                                  
CALCULO                                                                                                                                                                                                                                                                                                                                                                                                                                                                                                             
ASTRONOMIA                                                                                                                                                                                                                                                                                                                                                                                                                                                                                                          
DIDACTICA DE LA MATEMATICA                                                                                                                                                                                                                                                                                                                                                                                                                                                                                          

SQL> SELECT A FROM ASIGNATURA WHERE CAR!=3 AND CAR!=5 AND CAR!=8
  2  ;

A                                                                                                                                                                                                                                                                                                                                                                                                                                                                                                                   
--------------------------------------------------                                                                                                                                                                                                                                                                                                                                                                                                                                                                  
BASES DE DATOS                                                                                                                                                                                                                                                                                                                                                                                                                                                                                                      
INTELIGENCIA ARTIFICIAL                                                                                                                                                                                                                                                                                                                                                                                                                                                                                             
ALMACENES DE DATOS                                                                                                                                                                                                                                                                                                                                                                                                                                                                                                  
MINERIA DE DATOS                                                                                                                                                                                                                                                                                                                                                                                                                                                                                                    
INFORMATICA BASICA                                                                                                                                                                                                                                                                                                                                                                                                                                                                                                  
ALGEBRA                                                                                                                                                                                                                                                                                                                                                                                                                                                                                                             
OPTIMIZACION                                                                                                                                                                                                                                                                                                                                                                                                                                                                                                        
GESTION DE RIESGOS                                                                                                                                                                                                                                                                                                                                                                                                                                                                                                  
ANALISIS COMPLEJO                                                                                                                                                                                                                                                                                                                                                                                                                                                                                                   

9 rows selected.

SQL> SELECT P FROM PROFESOR WHERE DNI>3000 AND DNI<7000;

P                                                                                                                                                                                                                                                                                                                                                                                                                                                                                                                   
------------------------------------------------------------                                                                                                                                                                                                                                                                                                                                                                                                                                                        
JOSE MANUEL                                                                                                                                                                                                                                                                                                                                                                                                                                                                                                         
PEDRO                                                                                                                                                                                                                                                                                                                                                                                                                                                                                                               
MARIA                                                                                                                                                                                                                                                                                                                                                                                                                                                                                                               
IVAN                                                                                                                                                                                                                                                                                                                                                                                                                                                                                                                
CARMEN                                                                                                                                                                                                                                                                                                                                                                                                                                                                                                              

SQL> SELECT P FROM PROFESOR WHERE DNI<=3000 OR DNI>=7000;

P                                                                                                                                                                                                                                                                                                                                                                                                                                                                                                                   
------------------------------------------------------------                                                                                                                                                                                                                                                                                                                                                                                                                                                        
JUAN                                                                                                                                                                                                                                                                                                                                                                                                                                                                                                                
CARLOS                                                                                                                                                                                                                                                                                                                                                                                                                                                                                                              
MARIO                                                                                                                                                                                                                                                                                                                                                                                                                                                                                                               
FRANCISCO                                                                                                                                                                                                                                                                                                                                                                                                                                                                                                           
ANGELA                                                                                                                                                                                                                                                                                                                                                                                                                                                                                                              
DAVID                                                                                                                                                                                                                                                                                                                                                                                                                                                                                                               
SOLEDAD                                                                                                                                                                                                                                                                                                                                                                                                                                                                                                             

7 rows selected.

SQL> SELECT CAS FROM PLAN_DOCENTE WHERE DNI=1111 AND FF IS NULL;

       CAS                                                                                                                                                                                                                                                                                                                                                                                                                                                                                                          
----------                                                                                                                                                                                                                                                                                                                                                                                                                                                                                                          
         8                                                                                                                                                                                                                                                                                                                                                                                                                                                                                                          

SQL> SELECT CTA+CPA+CLA AS CREDITOS FROM PLAN_DOCENTE;

  CREDITOS                                                                                                                                                                                                                                                                                                                                                                                                                                                                                                          
----------                                                                                                                                                                                                                                                                                                                                                                                                                                                                                                          
         6                                                                                                                                                                                                                                                                                                                                                                                                                                                                                                          
         3                                                                                                                                                                                                                                                                                                                                                                                                                                                                                                          
         3                                                                                                                                                                                                                                                                                                                                                                                                                                                                                                          
         6                                                                                                                                                                                                                                                                                                                                                                                                                                                                                                          
         3                                                                                                                                                                                                                                                                                                                                                                                                                                                                                                          
         3                                                                                                                                                                                                                                                                                                                                                                                                                                                                                                          
         3                                                                                                                                                                                                                                                                                                                                                                                                                                                                                                          
         3                                                                                                                                                                                                                                                                                                                                                                                                                                                                                                          
         6                                                                                                                                                                                                                                                                                                                                                                                                                                                                                                          
         6                                                                                                                                                                                                                                                                                                                                                                                                                                                                                                          
         6                                                                                                                                                                                                                                                                                                                                                                                                                                                                                                          
         3                                                                                                                                                                                                                                                                                                                                                                                                                                                                                                          
         6                                                                                                                                                                                                                                                                                                                                                                                                                                                                                                          
         6                                                                                                                                                                                                                                                                                                                                                                                                                                                                                                          
         6                                                                                                                                                                                                                                                                                                                                                                                                                                                                                                          
         6                                                                                                                                                                                                                                                                                                                                                                                                                                                                                                          
         3                                                                                                                                                                                                                                                                                                                                                                                                                                                                                                          
       7.5                                                                                                                                                                                                                                                                                                                                                                                                                                                                                                          
         3                                                                                                                                                                                                                                                                                                                                                                                                                                                                                                          

19 rows selected.

SQL> SPOOL OFF
